contactID,name,name1,email,postalZip,address
1,Ciara,French,mollis.lectus.pede@outlook.net,39746,449-6990 Tellus. Rd.
2,Charles,Pacheco,nulla.eget@protonmail.couk,76837,Ap #312-8611 Lacus. Ave
3,Victor,Savage,orci@protonmail.net,82025,"P.O. Box 775, 8910 Arcu. Road"
4,Paul,Gaines,quis.diam@aol.couk,95904,735-3498 Magna. Street
5,Freya,West,vivamus.rhoncus@aol.com,83604,4811 Aliquam St.
6,Irma,Lott,a.mi@outlook.edu,36883,309-4003 Metus. Rd.
7,Gannon,Weaver,in.at@protonmail.org,67238,"P.O. Box 410, 8379 Libero St."
8,Hilary,Franco,congue.in@icloud.com,25211,331-981 Velit. Road
9,Gil,Briggs,pellentesque.tellus.sem@yahoo.net,78383,"P.O. Box 733, 2603 Nisi Road"
10,Ivana,Mullins,urna.convallis@yahoo.net,38235,Ap #868-8966 Dolor. Street
11,Walter,Browning,elit@protonmail.net,86965,"522-7345 Id, Rd."
12,Lacota,Key,eget@hotmail.edu,62132,871-9188 In Av.
13,Mia,Baxter,magnis.dis.parturient@outlook.ca,73737,349-7351 Aliquam Street
14,Sybill,Boyer,eu.odio@hotmail.couk,77937,"P.O. Box 452, 2893 Tincidunt Rd."
15,Willow,Cervantes,eu.dui@protonmail.net,21124,1623 Feugiat Road
16,Aidan,Alvarado,a@hotmail.org,58331,Ap #867-515 Turpis Av.
17,Vance,Martin,erat.nonummy@icloud.net,78358,694-3213 Diam St.
18,Eagan,Parsons,sem@protonmail.ca,12615,"P.O. Box 280, 3728 Libero Ave"
19,Gretchen,Pickett,at.velit@hotmail.org,10214,"477-7134 Id, Street"
20,Barry,Mendoza,donec.nibh@icloud.org,28302,Ap #719-5142 Sed St.
21,Christine,Little,nisl.arcu@hotmail.net,22348,460-5571 Luctus. St.
22,Damian,Suarez,netus@yahoo.ca,60718,Ap #506-9972 Sociis Av.
23,Zia,Sargent,sed.tortor@hotmail.org,73862,"652-1787 Ut, St."
24,Kevyn,Buckley,amet.ultricies@yahoo.org,45368,786-4637 Elit. Street
25,Xavier,Hodges,ut.nisi.a@outlook.org,81256,5545 Sed St.
26,Hyatt,Ferguson,a@aol.edu,73448,148-6466 Vitae St.
27,Simone,Stone,metus.vitae.velit@outlook.net,29849,"P.O. Box 329, 2932 Adipiscing St."
28,Leonard,Marshall,consectetuer.adipiscing.elit@icloud.com,29374,"607-1439 Laoreet, Ave"
29,Abigail,Boone,sed.tortor@yahoo.org,92223,"P.O. Box 442, 7188 Sed, Avenue"
30,Cyrus,Solis,erat.in.consectetuer@aol.ca,71669,"P.O. Box 447, 4294 Ante Ave"
31,Isaiah,Fischer,senectus.et@yahoo.org,77346,"823-9449 Non, Ave"
32,Raven,Grimes,convallis.est.vitae@yahoo.ca,85812,"P.O. Box 634, 4002 Rutrum Rd."
33,Nathan,Clarke,est.mauris@yahoo.ca,28774,"Ap #623-6119 Fringilla, Road"
34,Clinton,Mcmillan,tincidunt.orci@hotmail.com,90567,174-102 Sed Avenue
35,Edward,Bruce,sapien.imperdiet@outlook.edu,28734,934 Odio. St.
36,Cyrus,Carlson,sed@aol.net,75230,Ap #276-1476 Iaculis Av.
37,Ulric,Richard,lorem.ipsum.dolor@hotmail.net,72741,Ap #941-9419 Duis Av.
38,Pamela,Patterson,nec.urna@aol.edu,77898,418-6072 Etiam Rd.
39,Wesley,Berger,sed.pharetra@google.ca,67167,Ap #485-2840 Mauris Av.
40,Uriah,Ochoa,curae@icloud.couk,90243,Ap #922-7217 Consequat St.
41,Lucas,Ellis,dapibus.ligula@yahoo.edu,95323,910-4929 Quis Road
42,Hashim,Reid,dui.fusce.aliquam@aol.couk,75695,1919 Duis Avenue
43,Lawrence,Travis,cursus.et@protonmail.org,37144,"P.O. Box 710, 3153 Fringilla Rd."
44,Joshua,Lowe,mauris.sagittis.placerat@hotmail.ca,36664,469-3540 Eget St.
45,Joshua,Silva,justo@yahoo.com,99614,8677 Consequat Road
46,Ruth,Franklin,euismod@google.com,37208,692-7891 Sed St.
47,Imelda,Dean,lorem@outlook.ca,17237,498-2842 Nonummy Street
48,Drake,Drake,nisi.a@yahoo.net,87126,313-685 Lectus St.
49,Griffith,Gamble,iaculis@hotmail.net,95661,"P.O. Box 762, 3220 Proin St."
50,Garrett,Horton,quis@outlook.com,38335,"538-5434 Enim, Rd."
51,Conan,Boone,non@outlook.org,15587,Ap #212-6618 Mauris Ave
52,Shaine,Rodriquez,cras.eu.tellus@protonmail.edu,67814,702-2455 Ullamcorper. Road
53,Venus,Clark,cum.sociis@aol.couk,85343,"Ap #630-7172 Risus, Av."
54,Derek,Bradley,integer.vitae.nibh@aol.couk,87660,Ap #562-1564 Magna. Avenue
55,Francis,Pollard,volutpat@outlook.org,45597,533-2099 Et Ave
56,Belle,Goodwin,neque.non@protonmail.com,52567,"P.O. Box 728, 2720 Mauris Street"
57,Tarik,Moran,est.ac.facilisis@icloud.ca,20839,275-9655 Nulla Road
58,Joelle,Melton,quam.vel.sapien@aol.edu,86742,"408-794 Vel, Avenue"
59,Jelani,Christensen,sollicitudin.adipiscing@google.edu,37473,"P.O. Box 816, 9271 Egestas Street"
60,Frances,Moore,urna@aol.edu,14884,6503 Curabitur Ave
61,Gage,Glover,magna.a.neque@outlook.couk,86876,712-8209 Sagittis St.
62,Madeson,Owens,dictum.sapien@icloud.edu,92436,"Ap #841-9052 Tellus, Ave"
63,Aspen,Bernard,consequat.dolor@icloud.ca,57312,447-8067 Nam Rd.
64,Lavinia,Robbins,nibh.phasellus@hotmail.net,99754,428-2511 Iaculis St.
65,Anne,Ashley,cursus.nunc@icloud.ca,36111,765-6780 Aliquet Avenue
66,Elijah,Thomas,faucibus.ut.nulla@icloud.com,78745,"P.O. Box 148, 3003 Nam Rd."
67,Kane,Holden,curabitur@outlook.com,95551,427-7434 Sed Road
68,Leonard,Navarro,sed.consequat.auctor@outlook.couk,53134,Ap #427-4885 Elit. Ave
69,Alec,Mosley,turpis.vitae.purus@protonmail.couk,47124,4337 Ipsum Ave
70,Laura,Holcomb,aliquam.auctor.velit@aol.com,62462,489-812 In Rd.
71,Porter,Rutledge,arcu.et.pede@hotmail.org,82603,Ap #358-8468 Justo Ave
72,Brynne,Pearson,libero.proin@outlook.net,59762,Ap #514-8612 Mattis. Road
73,Rylee,Paul,at@google.couk,72084,"Ap #911-4018 Elit, Road"
74,Tarik,Vincent,suspendisse@protonmail.org,13456,"P.O. Box 582, 5779 Ac Road"
75,Tana,Dickson,interdum.enim@protonmail.net,53662,"P.O. Box 697, 6982 Nunc Rd."
76,Jolene,Leonard,feugiat.tellus@google.com,56365,Ap #514-2034 Ligula Road
77,Quinn,Lewis,tincidunt.neque@icloud.ca,99753,470-7738 Nibh. Street
78,Halee,Booker,pretium.neque@icloud.couk,90516,"P.O. Box 819, 5895 Cursus Av."
79,Kay,Gould,ut.sem.nulla@icloud.edu,51277,100 Nec Street
80,Kyra,Sharpe,metus.aenean@yahoo.net,23723,6074 Metus Street
81,Ralph,Olson,cras.interdum@protonmail.couk,84589,620-3571 At St.
82,Jeanette,Black,vitae@icloud.couk,53623,Ap #769-2218 Dignissim Street
83,Suki,Howe,enim.nisl@outlook.couk,55336,Ap #270-8835 Nulla Ave
84,Cleo,Knowles,cursus.diam.at@protonmail.couk,54535,Ap #501-8203 Nibh. Rd.
85,Chava,Fernandez,magna.praesent.interdum@yahoo.com,67898,"P.O. Box 181, 2288 Eget Street"
86,Raya,Buckner,lacus@icloud.org,71836,"214-3788 Odio, Av."
87,Madaline,Phillips,sed.pede.cum@protonmail.net,43504,Ap #479-2664 Natoque Street
88,Linus,Roberts,a.odio@hotmail.net,24358,1977 Egestas Av.
89,Colette,Shelton,id.risus@yahoo.couk,24637,Ap #160-4022 Hymenaeos. Rd.
90,Alexa,Gilliam,aliquam.arcu.aliquam@icloud.org,86506,Ap #727-8223 Fusce Rd.
91,Idona,Ewing,vitae@hotmail.net,99681,Ap #715-6606 Faucibus Street
92,Colorado,Tucker,dictum.mi.ac@aol.couk,28757,"P.O. Box 853, 5982 Morbi Ave"
93,Alana,Long,nec.euismod@outlook.couk,41642,Ap #550-1545 Cum St.
94,Neil,Schwartz,integer.sem@icloud.org,97800,Ap #152-8393 Tortor. Avenue
95,Marcia,Padilla,scelerisque@yahoo.couk,15844,"636-9429 Et, Road"
96,Norman,Knight,vulputate.nisi@google.net,74359,"P.O. Box 124, 5619 Ut, Rd."
97,Lysandra,Bridges,rutrum.justo@google.ca,88281,4916 Diam. Avenue
98,Dennis,Carrillo,cum.sociis@yahoo.couk,85574,692-8810 Feugiat Street
99,Madeline,Monroe,mauris.a@hotmail.org,95845,"P.O. Box 274, 8411 Laoreet St."
100,Price,Duke,ut.cursus@hotmail.com,84684,"P.O. Box 950, 4663 Rutrum, Avenue"
101,Caesar,Graham,sociis.natoque@icloud.couk,66621,841-9785 Habitant Rd.
102,Hayfa,Knapp,feugiat.nec@aol.ca,62881,9032 Amet Ave
103,Joseph,Rodgers,eleifend.egestas.sed@icloud.org,14898,9519 Euismod Avenue
104,Risa,Cain,varius@google.couk,25638,5038 Aliquam Road
105,Hedy,Mckinney,ut.lacus@yahoo.org,86431,"4303 Pede, Road"
106,Garrison,Mckenzie,elit.elit@google.net,72795,"P.O. Box 235, 2609 Quisque Ave"
107,Azalia,Heath,nullam.vitae@google.org,78544,"Ap #670-6687 Nec, Road"
108,Michelle,Bell,iaculis.nec@aol.com,89512,Ap #814-6411 Velit Av.
109,Jason,Weaver,lobortis.quam.a@hotmail.org,99821,"P.O. Box 409, 4322 Dictum Av."
110,Eric,Kemp,vestibulum.ut@google.edu,64182,2285 Orci St.
111,Whoopi,Hubbard,cursus@yahoo.com,62446,7157 Odio. Rd.
112,Rhona,Crosby,feugiat@yahoo.com,54565,"P.O. Box 952, 3512 Ullamcorper, St."
113,Lavinia,Reed,amet.diam@outlook.ca,68249,Ap #927-383 Neque Ave
114,Driscoll,Ayers,enim.gravida.sit@yahoo.org,85116,638-9001 Elit Ave
115,Regan,Holder,nec@protonmail.org,22369,"P.O. Box 803, 3735 Nunc Street"
116,Xanthus,Cruz,dui.quis@icloud.couk,61022,449-1455 Sodales St.
117,Emerson,Le,facilisis.lorem.tristique@aol.net,37251,"Ap #490-5262 Pharetra, St."
118,Ila,Cohen,sed@icloud.edu,91158,"P.O. Box 809, 5538 Aliquet Rd."
119,Indira,Bentley,metus.urna@yahoo.couk,36893,900-7836 Egestas. Av.
120,Brian,Ford,neque.nullam.nisl@yahoo.couk,98878,229-1005 Cras St.
121,Yuli,Ross,eleifend@yahoo.net,11531,"364-822 Suscipit, Av."
122,Lyle,Shields,pede.praesent.eu@protonmail.org,41538,7746 Pretium Rd.
123,Garrison,Faulkner,orci@protonmail.com,56480,Ap #897-7647 Metus. St.
124,Ryan,Landry,viverra.maecenas@icloud.couk,51973,Ap #420-4849 A Street
125,Hadassah,Pollard,rutrum.justo@google.net,34761,"P.O. Box 618, 1216 Risus Rd."
126,Mariam,Glover,enim.commodo@icloud.com,35769,"P.O. Box 710, 4533 Purus St."
127,Rosalyn,Kelley,ipsum.dolor@google.com,88485,7427 Integer St.
128,Melinda,Hoffman,nullam.velit.dui@outlook.edu,34989,"760-6515 Amet, Street"
129,Troy,Sykes,odio.sagittis.semper@icloud.com,67333,Ap #662-1961 Proin Rd.
130,Kyra,Lester,montes.nascetur@outlook.edu,81983,806-6637 Donec Rd.
131,Cain,Richardson,hendrerit@yahoo.couk,54282,Ap #240-419 Accumsan Ave
132,Vielka,Glenn,tortor@hotmail.net,89984,"P.O. Box 387, 7413 Lobortis, St."
133,Plato,Reyes,risus.donec@hotmail.com,67695,"4219 Et, St."
134,Jessamine,Christian,velit.eu@outlook.net,23788,555-2685 Scelerisque Rd.
135,Kyla,Hopkins,neque.morbi@yahoo.net,52383,Ap #957-2347 Enim. St.
136,Hedy,Schmidt,nibh.dolor.nonummy@hotmail.couk,31899,6486 Mattis Street
137,Portia,Peterson,vivamus.nisi@hotmail.couk,37232,"P.O. Box 401, 3508 Nec, Street"
138,Holmes,Dyer,ipsum.ac.mi@protonmail.ca,51679,"Ap #940-1318 At, Street"
139,Hyatt,Swanson,aliquet.molestie.tellus@yahoo.couk,94157,3398 Cursus. Road
140,Edan,Slater,rhoncus.id@aol.net,36621,Ap #154-4446 Nunc Rd.
141,Matthew,Avila,dui@hotmail.com,63124,161-3012 Lacus. Rd.
142,Amela,Alvarez,nulla.dignissim.maecenas@outlook.couk,99867,478-2641 Suspendisse St.
143,Patience,Keller,vel.sapien@protonmail.org,35443,900-311 Est Ave
144,Darrel,Aguilar,dapibus.gravida@outlook.net,22457,"P.O. Box 823, 6180 Pharetra Av."
145,Freya,Whitley,eu.odio@outlook.org,72311,509-3191 Suspendisse Ave
146,Halla,Calderon,convallis@yahoo.edu,66757,862-6093 Ante Rd.
147,Madonna,Coleman,mauris.a@protonmail.com,99805,"P.O. Box 632, 7570 In Rd."
148,Hector,Moses,nam.ac.nulla@outlook.org,45376,"7883 Facilisis, Road"
149,Aimee,Wagner,vitae.erat@outlook.net,74034,"P.O. Box 897, 2962 Egestas Av."
150,Leah,Callahan,bibendum.ullamcorper@aol.couk,84103,"Ap #705-1033 Quam, Av."
151,Abbot,Dunn,eu@aol.ca,25228,678-5482 Ac Rd.
152,Samson,Mason,quis.diam@hotmail.couk,73114,"Ap #324-1022 Sed, Rd."
153,Mark,Stephenson,lorem@yahoo.com,53299,"9036 Eget, St."
154,Bert,Dunn,quam.vel@yahoo.net,49661,167-9843 Amet Road
155,Wynne,Sharp,egestas@yahoo.couk,27472,"P.O. Box 964, 3548 Gravida Rd."
156,Travis,Santana,dolor.fusce@icloud.net,41251,Ap #711-1450 Nec Av.
157,Candice,Velazquez,etiam.gravida@aol.com,80746,822-3179 Metus. Rd.
158,Reese,Downs,eget.venenatis@google.edu,43362,176 Rhoncus. Rd.
159,Kaitlin,Acosta,in@yahoo.net,21407,562-4329 Dui. Rd.
160,Selma,Lloyd,aenean@aol.com,56846,Ap #402-438 Nec Av.
161,Harriet,Sheppard,in@yahoo.org,30874,395-9578 In Road
162,Chanda,Rivers,sed.dui@protonmail.couk,11776,"P.O. Box 266, 5591 Molestie Rd."
163,Brock,Contreras,semper.pretium@icloud.couk,64542,Ap #648-9147 Nulla. Av.
164,Hadassah,Cooley,mauris.sagittis.placerat@icloud.ca,85612,845-2376 Odio Rd.
165,Rana,Burton,adipiscing.elit.curabitur@aol.net,28109,676-532 Dignissim Ave
166,Avye,Baxter,aliquet.nec@google.couk,72294,Ap #821-4645 Eu Avenue
167,John,Larsen,est.congue@yahoo.couk,78777,"P.O. Box 217, 2699 Dolor Avenue"
168,Iola,Pugh,libero.at.auctor@outlook.net,60666,Ap #212-5270 Non Avenue
169,Theodore,Floyd,purus.accumsan@google.org,66834,"7409 Ut, Av."
170,Jackson,Parker,risus.quis@yahoo.edu,26426,Ap #312-8532 Odio. Rd.
171,Jena,Mccarthy,vitae@outlook.com,64355,"P.O. Box 185, 2870 Neque. Rd."
172,Tucker,Booker,ut.nec@hotmail.couk,67202,"P.O. Box 769, 781 Convallis Rd."
173,Naomi,Walter,neque@icloud.edu,99675,351-5389 Duis Road
174,Justin,Avery,fermentum.arcu@aol.couk,41675,Ap #542-4728 Aliquam Av.
175,Tad,Roth,mollis.duis@protonmail.ca,82681,"462-5770 Quis, Avenue"
176,Gage,Holman,lectus.convallis.est@yahoo.net,44197,Ap #168-5702 Semper Avenue
177,Leilani,Levy,in.scelerisque@hotmail.net,71165,Ap #585-5700 Lacus. Rd.
178,Xena,Mccall,aliquam.erat@outlook.couk,85711,"P.O. Box 991, 8025 Mauris, Road"
179,Herrod,Davenport,augue@google.net,33614,339-3812 Felis. Rd.
180,Brittany,Small,nunc@outlook.net,79681,"Ap #540-8211 Purus, Avenue"
181,Connor,Byers,feugiat.tellus.lorem@protonmail.couk,35493,Ap #224-5757 Dui. Rd.
182,Dylan,Glenn,eros@hotmail.couk,71654,Ap #678-5827 Commodo Ave
183,Keegan,Richmond,nonummy.fusce@aol.com,28626,Ap #841-8586 Non Ave
184,Naida,Hendricks,eu@yahoo.couk,70166,"P.O. Box 481, 1142 A, Road"
185,Ulysses,Bowen,sed.diam@outlook.org,12257,438-8263 Adipiscing Rd.
186,Lance,Browning,fringilla@hotmail.ca,36132,"P.O. Box 819, 5866 Ornare. Street"
187,Octavia,Holder,metus@outlook.couk,74760,250-8211 Eu St.
188,Josiah,Glover,elit.a@aol.com,25558,6244 Tempus Road
189,Kellie,Lara,non.bibendum@yahoo.couk,32218,"P.O. Box 718, 115 Nec St."
190,Timothy,Adams,ipsum.curabitur.consequat@hotmail.edu,67738,117 Neque Ave
191,Lucy,Blake,sed@hotmail.com,48726,4647 Quam. Ave
192,Quintessa,Conner,maecenas.ornare@google.ca,32719,105-3456 Donec Ave
193,Carter,Banks,pede.praesent.eu@icloud.org,25733,"Ap #176-3766 In, Rd."
194,Odette,Richard,cum@icloud.ca,52558,Ap #390-9494 Consectetuer Rd.
195,May,Terrell,mi.duis@google.net,72320,"681-9887 Non, Street"
196,Ray,Moss,tellus.eu@outlook.org,59458,"Ap #299-4520 Posuere, Road"
197,Boris,Mcleod,neque.sed@protonmail.net,93205,2967 Ac Street
198,Illana,Bishop,eget@icloud.couk,36404,Ap #823-4862 Molestie Rd.
199,Kitra,Kerr,non.nisi@protonmail.net,61485,174-8252 Justo Street
200,Deacon,Hutchinson,sed@outlook.edu,77025,862-8369 In St.
201,Linda,Crane,sem.pellentesque.ut@protonmail.org,86068,998-4206 Rutrum Av.
202,Carly,Foreman,sociosqu.ad@outlook.edu,45537,Ap #963-2867 Nulla St.
203,Pandora,Hill,odio.sagittis.semper@google.ca,51382,"P.O. Box 948, 7688 Consequat Av."
204,Callie,Sosa,lorem@aol.couk,27521,"P.O. Box 776, 7009 Dictum Av."
205,Desirae,Tucker,nam.nulla@outlook.edu,74244,642-974 Sed St.
206,Wallace,Becker,sagittis@protonmail.net,72686,"523-6813 Tempor, Road"
207,Hunter,Schmidt,dictum.magna.ut@hotmail.couk,33578,"P.O. Box 533, 7799 Vestibulum Avenue"
208,Clare,Cooley,vestibulum.nec@google.ca,72518,828-4870 Est. Av.
209,Brendan,Kennedy,nulla.interdum.curabitur@icloud.com,47242,Ap #993-6941 Porta Av.
210,Naida,Holt,mi@google.ca,98225,774-4290 Dictum. Rd.
211,Leonard,Schwartz,vitae.mauris.sit@hotmail.couk,51138,Ap #458-7237 Curabitur St.
212,Vivien,Francis,sed.malesuada.augue@google.edu,51079,"4838 Ut, Ave"
213,Olivia,Jones,enim.gravida@google.couk,53245,6913 Ornare Street
214,Amethyst,Willis,erat.vel@icloud.couk,74434,770-3225 Lobortis Av.
215,Honorato,Rosario,purus@outlook.couk,24844,919-1414 Elit. Av.
216,Zane,Pitts,nec.leo@hotmail.com,83003,Ap #327-5000 Lacinia Rd.
217,Vincent,Blankenship,iaculis.odio.nam@google.net,43235,291-5855 Donec Rd.
218,Rhonda,Cotton,leo.morbi.neque@yahoo.com,92162,"916-787 Non, Rd."
219,Nyssa,Hudson,sit.amet@aol.edu,73207,"P.O. Box 748, 2559 Sed St."
220,Raymond,Logan,ultrices.sit@protonmail.ca,65261,260-8661 Ipsum Avenue
221,Deacon,Richard,sit@google.edu,92824,Ap #569-8495 Amet St.
222,Acton,Farley,iaculis.odio@hotmail.org,59940,Ap #742-2641 Egestas Road
223,Alden,Crosby,eu.enim@google.net,84766,"Ap #719-4163 Ac, Road"
224,Indigo,Wong,lacinia.at@google.couk,59670,640-1609 Ut Avenue
225,Rosalyn,Richmond,vitae.purus.gravida@yahoo.com,81278,"P.O. Box 225, 6283 Nascetur Road"
226,Hollee,Walker,tellus@protonmail.edu,45144,"P.O. Box 961, 7057 Proin Ave"
227,Sylvester,Neal,ultricies.sem.magna@yahoo.org,88776,"P.O. Box 931, 6191 Erat St."
228,Charlotte,Duncan,non@outlook.net,26373,"P.O. Box 559, 9717 Feugiat. Ave"
229,Lane,Horn,massa.non@hotmail.org,28360,1556 Eros Street
230,Megan,Robertson,sed.auctor.odio@aol.net,12558,168-1214 Nec Road
231,Murphy,Larsen,odio.phasellus.at@yahoo.ca,34966,Ap #644-7845 Fames Road
232,Rashad,Arnold,amet@yahoo.com,53387,Ap #948-8180 Neque Street
233,Gay,Hester,arcu.vel@outlook.net,32306,Ap #844-6852 Lorem Rd.
234,Ashely,Calderon,lacus.mauris@aol.net,81051,"Ap #272-125 Ullamcorper, Av."
235,Fatima,Cooley,aliquet@icloud.org,75472,Ap #935-8148 Congue Avenue
236,Cairo,Rasmussen,eu@hotmail.couk,48256,Ap #359-4696 Fusce St.
237,Griffith,Oliver,netus.et@yahoo.ca,72548,244-4477 Nam St.
238,Bruce,Holder,suscipit@protonmail.edu,57305,"318-7058 Quis, Avenue"
239,Ima,Howell,commodo.auctor@yahoo.org,75735,829-2603 Ut Road
240,Sean,Horne,facilisi.sed@hotmail.org,56315,"P.O. Box 790, 1705 Mauris Rd."
241,Dean,Velasquez,natoque.penatibus@outlook.com,91938,"P.O. Box 674, 4857 Et Ave"
242,Shaeleigh,Mcpherson,sociosqu.ad@google.couk,94444,"P.O. Box 330, 9941 Nulla Ave"
243,Martin,Santana,mauris.non.dui@hotmail.couk,25315,115-2322 Augue St.
244,Malachi,Bailey,malesuada@hotmail.edu,85221,Ap #619-3492 Tempus Rd.
245,Chava,Carney,cursus.diam@outlook.edu,41762,400 Orci Ave
246,Indigo,Boone,eu@yahoo.com,89643,3328 Tincidunt Rd.
247,Dylan,Murphy,sit.amet.consectetuer@google.com,99731,708-6856 Odio Ave
248,Ariana,Wyatt,risus.varius.orci@yahoo.com,54862,Ap #465-1896 Proin Rd.
249,Kaseem,Williams,mus.aenean@aol.org,74267,Ap #447-5014 Urna Street
250,Merrill,Lee,a@google.net,33772,553-8713 Convallis Rd.
251,Aimee,Dorsey,magna.a.neque@hotmail.com,99516,517-1597 Integer Rd.
252,Chaim,Finch,elit@aol.net,24579,500-4302 Pede. Ave
253,Graiden,Buck,bibendum.donec.felis@yahoo.edu,80549,983-4655 Erat Avenue
254,Trevor,Dalton,ultrices.mauris@hotmail.net,12624,"P.O. Box 186, 2683 Nibh. Road"
255,Holly,Lewis,mus.proin@outlook.com,85816,Ap #902-1776 Gravida Av.
256,Urielle,Cooper,pellentesque@outlook.ca,37755,Ap #168-6527 Sollicitudin St.
257,Peter,Mckee,tincidunt.tempus@hotmail.net,14181,"9679 Orci, Ave"
258,Delilah,Jacobson,fames.ac@yahoo.net,31513,Ap #361-123 Dui Rd.
259,Hamilton,Spencer,natoque@google.net,77314,386-1397 Sem Road
260,Iona,Glover,diam@yahoo.net,69586,"P.O. Box 836, 3506 Mauris St."
261,Inez,Donaldson,aliquet.proin.velit@aol.org,91883,400-3650 Facilisi. Avenue
262,Denise,Henderson,dui.augue.eu@yahoo.org,61151,7507 Euismod Avenue
263,Armando,Harper,mauris@yahoo.com,61162,"128-1226 A, St."
264,Karen,Drake,faucibus@aol.ca,68255,"Ap #656-9859 Elit, Rd."
265,Unity,Garza,erat@icloud.edu,94424,"P.O. Box 893, 5835 Eget, Ave"
266,Ruby,Mcclain,lacus.vestibulum@protonmail.com,48612,Ap #219-7768 Phasellus Ave
267,Shea,Morton,eu@icloud.com,15851,"P.O. Box 944, 8023 Dolor. Avenue"
268,Melinda,Porter,suspendisse@hotmail.edu,42483,Ap #168-8298 Integer St.
269,Kadeem,Cole,fusce@outlook.org,57254,Ap #843-7267 Sed Ave
270,Jescie,Tanner,feugiat.metus@google.com,68333,Ap #729-2851 Posuere Ave
271,Tatiana,Shields,per.conubia@protonmail.com,83686,"P.O. Box 626, 6700 Eget Street"
272,Aimee,Boyle,nec@outlook.net,38402,752 Nulla Av.
273,Reuben,Dejesus,pellentesque.a@protonmail.edu,71808,170-1619 Lacinia. Avenue
274,Alexander,Holcomb,cursus@protonmail.couk,19334,"6221 Ornare, Avenue"
275,Rajah,Fuller,ut.cursus@google.com,86890,"P.O. Box 360, 6904 Varius St."
276,Veronica,David,tristique.senectus@hotmail.edu,38166,412-743 Velit St.
277,Tana,Ashley,aliquet.libero@aol.ca,71122,"Ap #948-2897 In, Road"
278,Willa,Odom,vitae.dolor@google.edu,38977,"4417 Ultrices, Rd."
279,Carlos,Yates,hendrerit.id.ante@aol.org,45478,880-7178 Sagittis St.
280,Urielle,Carroll,phasellus.elit.pede@hotmail.org,99581,210-9476 Volutpat Rd.
281,Basia,Lynn,mi.lacinia@google.ca,93261,Ap #532-2832 Ante St.
282,Violet,Bowman,fermentum@yahoo.edu,65837,"600-7686 Et, Rd."
283,Travis,Spears,natoque.penatibus@outlook.net,67233,114-861 Dignissim Street
284,Walter,Rios,lacinia.at.iaculis@protonmail.net,51386,408-4032 Sed Ave
285,Christine,Glass,vel.turpis@aol.edu,30626,"P.O. Box 840, 5387 Et, Rd."
286,Isaiah,Cabrera,mi.duis@google.com,27614,Ap #789-6849 Sit Av.
287,Erich,Mcdaniel,donec.luctus@google.ca,13389,"3992 Sed, Rd."
288,Nayda,English,nec.euismod@outlook.com,78878,Ap #687-9189 Lorem Street
289,Noble,Willis,bibendum.fermentum.metus@icloud.ca,42096,Ap #900-7243 Lorem. Avenue
290,Xanthus,Alvarado,elementum.sem@google.org,43617,"3775 Nec, Av."
291,Willow,O'brien,eu.enim@google.net,23915,Ap #568-3916 Sed Street
292,Barbara,Kent,molestie.tortor.nibh@aol.com,61111,Ap #686-6815 Porttitor Avenue
293,Demetria,Baldwin,ut@yahoo.couk,72683,3903 Nullam St.
294,Charity,Herrera,pretium@protonmail.ca,13701,5276 Eget Av.
295,Darryl,Wiley,facilisi@yahoo.com,33132,Ap #241-6312 Fermentum Road
296,Angelica,Chan,phasellus@outlook.edu,23177,847-4765 Ac St.
297,Hyatt,Kramer,ornare.egestas@outlook.couk,67408,"P.O. Box 845, 5259 Facilisis Av."
298,Shellie,Fisher,dui.in.sodales@aol.ca,85225,"P.O. Box 865, 3813 Purus Rd."
299,Imelda,Fletcher,nec.urna.et@yahoo.org,70112,Ap #170-1906 Non Rd.
300,Anjolie,Alford,aliquet@outlook.org,72259,Ap #102-8036 Libero Street
301,Clare,Reeves,cursus.non.egestas@hotmail.edu,83563,"Ap #603-7368 Nec, St."
302,Kamal,Davis,mauris.morbi@hotmail.net,39937,3588 Mi Road
303,Addison,Mcdonald,auctor.nunc@icloud.edu,53570,Ap #875-6836 Orci St.
304,Inez,Bernard,penatibus.et.magnis@google.com,25283,637-5259 Donec Rd.
305,Quon,Henry,nec.tempus@google.net,38472,Ap #674-8700 Risus. Street
306,Xanthus,Howell,enim.sed@aol.ca,64217,611-7468 Sit Rd.
307,Leroy,Brennan,egestas@aol.com,67352,9559 Phasellus Rd.
308,Lillith,Whitaker,gravida.mauris.ut@icloud.edu,33646,235-8701 Diam. Street
309,Carly,Bennett,vestibulum.ante@outlook.com,95430,Ap #931-3359 Sociosqu Road
310,Ciaran,Prince,dui.fusce.diam@protonmail.net,89082,"Ap #707-7799 Consectetuer, St."
311,Marvin,Branch,eget@outlook.org,48481,311-2494 Ipsum Rd.
312,Jamal,Ward,arcu.nunc@aol.net,76896,782-8749 Eros. Rd.
313,Hillary,Marks,eu@aol.couk,67659,366-7513 Pede Road
314,Quamar,Graves,nunc.quisque@hotmail.couk,21117,8583 Enim Avenue
315,Kirby,Donaldson,ac.arcu@protonmail.ca,31658,Ap #323-8397 Enim. Rd.
316,Fiona,Bridges,integer.mollis@yahoo.edu,34765,Ap #420-7232 Mus. St.
317,Lysandra,Klein,lacus.cras@outlook.ca,99826,8646 Varius Rd.
318,Malik,Berger,cursus.non.egestas@protonmail.net,53267,1377 Amet Ave
319,Carter,Mejia,et.ultrices@icloud.org,95889,"5694 A, St."
320,Regan,Carpenter,purus.in@aol.ca,37566,629-4471 Donec Avenue
321,Emmanuel,Cotton,eu.eleifend.nec@aol.com,90284,2163 Volutpat Av.
322,Alexandra,William,tempus.scelerisque.lorem@aol.com,38718,754-2931 Imperdiet Avenue
323,Dylan,Mccullough,vivamus.sit.amet@google.com,48410,785-7463 Magna Rd.
324,Daquan,Mcneil,varius.ultrices.mauris@hotmail.ca,24152,105-944 Augue Rd.
325,Michelle,Palmer,ipsum.dolor.sit@outlook.couk,86531,Ap #175-2524 Cursus. Avenue
326,Zephr,Hess,libero.nec@aol.net,64122,Ap #690-6041 Nonummy St.
327,Leo,Dorsey,lacus@outlook.edu,72684,Ap #941-4430 Viverra. Rd.
328,Abraham,Welch,sed@aol.net,85416,Ap #936-8144 Justo Av.
329,Bevis,Sanders,eu.odio@hotmail.edu,34260,Ap #851-2265 In Road
330,Hope,Lamb,eros.proin.ultrices@google.couk,93582,Ap #920-9640 Malesuada Rd.
331,Chancellor,Garcia,lorem@yahoo.org,60769,517-5950 Etiam Avenue
332,Jayme,Mayo,quisque.imperdiet@outlook.ca,48365,Ap #188-3743 Amet Avenue
333,Ursula,Frazier,integer.tincidunt.aliquam@aol.ca,79136,"3601 Id, St."
334,Keegan,Martinez,vestibulum.lorem.sit@google.ca,25035,186-3258 Lacus. Rd.
335,Lucy,Mooney,libero.mauris.aliquam@protonmail.couk,60531,Ap #757-5043 Neque Avenue
336,Teegan,Kelley,nec.ante.maecenas@hotmail.com,45613,212-7020 Facilisis Road
337,Abbot,Pollard,convallis@outlook.org,35583,"P.O. Box 555, 9318 Primis Rd."
338,Yetta,Sawyer,mollis.lectus@outlook.net,83803,600-401 Mi Ave
339,Noah,Bentley,etiam.laoreet@hotmail.ca,85391,264-180 Mauris St.
340,Kenneth,Williams,sit@google.couk,67410,7818 Ac Street
341,Celeste,George,feugiat.metus@yahoo.org,86254,800 Vel St.
342,Chastity,Salazar,mauris.erat@google.ca,76847,"P.O. Box 882, 2760 Et, Street"
343,Aretha,Francis,vestibulum@icloud.edu,51127,Ap #528-3902 Metus Ave
344,Illana,Lester,mus.aenean.eget@protonmail.com,71871,1847 Nulla Ave
345,Rhonda,Delgado,in@google.com,99681,322-1055 Ipsum Road
346,Derek,Green,pede.praesent.eu@outlook.org,23961,"350-8801 Dolor, St."
347,Patricia,Dotson,duis@google.ca,34408,479-8522 Ac St.
348,Stuart,Greer,sit.amet@protonmail.ca,28462,"Ap #348-2187 Ornare, Road"
349,Tanek,Tucker,sit.amet@aol.com,74577,263-5108 Vulputate Rd.
350,Sylvia,Murphy,lectus.rutrum.urna@google.com,35826,Ap #210-3727 Dui St.
351,Aurora,Ramos,sagittis@aol.net,71651,8974 Ultricies Avenue
352,Thomas,Hall,nec@aol.net,28633,834-2700 Nisi St.
353,Lenore,Santana,ligula.aenean.euismod@yahoo.couk,44665,"P.O. Box 686, 6716 Nunc Street"
354,Rhoda,Wyatt,in.consequat@yahoo.couk,37214,Ap #920-8731 Sem Rd.
355,Cora,Robinson,eu.augue@yahoo.couk,57413,Ap #525-7618 Nisl. St.
356,Paloma,Nunez,cras.sed@protonmail.edu,48755,7641 Justo Avenue
357,Oren,Humphrey,mauris@yahoo.net,27963,225-300 Duis Road
358,Hiroko,Webster,fusce.feugiat.lorem@protonmail.net,58665,440-6269 Donec Street
359,Orli,Stafford,magna.lorem.ipsum@aol.net,68640,"P.O. Box 658, 9382 A, Avenue"
360,Blake,Jefferson,nec@protonmail.couk,66325,"822-3982 Non, Street"
361,Armand,Stout,diam.vel.arcu@icloud.com,30618,Ap #604-5500 Consequat Road
362,Berk,Lee,egestas@yahoo.couk,36965,364-8122 Facilisis Ave
363,Naida,Gonzalez,per.conubia.nostra@aol.net,75286,Ap #892-7464 Semper Ave
364,Joshua,Holder,purus.gravida@hotmail.com,49186,"3300 A, Rd."
365,Malik,Giles,cursus.luctus@google.edu,78588,"P.O. Box 214, 8547 Posuere Street"
366,Garth,Dudley,suspendisse.dui@hotmail.com,27574,"P.O. Box 681, 6717 Mauris St."
367,Melissa,Holmes,tellus@outlook.ca,85894,"Ap #594-9480 Vitae, Street"
368,Hanna,Mendoza,felis.adipiscing.fringilla@protonmail.org,37043,"P.O. Box 828, 3847 Varius St."
369,Jerome,Gonzalez,non.nisi@yahoo.net,20816,864-4085 Nec St.
370,Judith,Richards,augue.porttitor.interdum@protonmail.couk,76546,360-2326 Nam Rd.
371,Rafael,Shaffer,ornare.placerat.orci@icloud.com,74209,Ap #443-7711 Euismod Avenue
372,Cedric,Fields,pede.ac.urna@outlook.com,35073,9107 Donec Road
373,Sara,Goodman,aenean@aol.com,85434,8183 Urna. Av.
374,Jordan,Lawrence,elit.curabitur.sed@icloud.edu,51323,"426-8038 Pellentesque, St."
375,Cade,Reeves,suspendisse@aol.edu,23914,"Ap #110-5454 Elit, Rd."
376,James,Mcclain,nulla.in@icloud.net,20628,7992 Pharetra. Avenue
377,Joel,Richardson,laoreet.libero@aol.net,81612,"P.O. Box 736, 1417 Metus Rd."
378,Amal,Brock,enim@protonmail.org,65209,904-6503 Interdum Avenue
379,Veronica,Little,quam.curabitur@aol.ca,55195,"P.O. Box 820, 7781 Non Rd."
380,Jonah,Rice,a.odio@google.couk,33004,"659-3024 Tincidunt, Av."
381,Wilma,Henry,consectetuer.cursus.et@google.edu,37573,211-6106 Urna Rd.
382,Courtney,Haynes,phasellus@protonmail.ca,35047,383-1968 Cras Avenue
383,Chantale,Brennan,fringilla@hotmail.edu,65773,941-144 Molestie Ave
384,Alec,Blankenship,aliquet.odio@yahoo.net,22586,"325-7440 A, St."
385,Paloma,Austin,vivamus@yahoo.ca,85602,"P.O. Box 615, 7066 Non Street"
386,Joseph,Grant,tellus.imperdiet@icloud.ca,38266,Ap #154-6779 Aliquam Rd.
387,Dante,Wise,ut.aliquam.iaculis@aol.ca,16196,368-3379 Ut Avenue
388,Ursula,Martinez,egestas@outlook.org,87745,700-2826 In Rd.
389,Quail,Mathews,mattis.semper.dui@google.org,19136,Ap #681-736 Aliquam St.
390,Wyatt,Crawford,lacinia@protonmail.org,69166,Ap #588-7196 Diam. Rd.
391,Lawrence,Holt,faucibus@outlook.ca,36616,852 Pede. Ave
392,Kessie,Gilmore,ut.molestie@protonmail.ca,68367,440-9820 Euismod Street
393,Amelia,Kirkland,vitae.orci@google.com,82744,"P.O. Box 458, 3755 Dolor Ave"
394,Brooke,Newman,consectetuer.euismod@hotmail.edu,99836,1198 Aliquam Avenue
395,Jonas,Jefferson,libero.morbi@google.edu,71838,Ap #386-2857 Et Street
396,Merrill,Wood,erat.eget.tincidunt@protonmail.edu,72667,469-8018 Dui Road
397,Maisie,Frank,lorem.ut@outlook.ca,67167,480-2458 Neque Ave
398,Phillip,Guthrie,iaculis.lacus@protonmail.ca,81354,Ap #850-8426 Lacus St.
399,Miranda,Workman,enim.mi.tempor@outlook.couk,97737,448-7225 Eleifend Av.
400,Baker,Gallagher,ut.odio@google.net,86668,668-4116 Maecenas St.
401,Lucas,Cohen,bibendum.donec.felis@hotmail.org,75842,923-6200 A Rd.
402,Galvin,Spencer,vestibulum@aol.net,62125,"Ap #495-8111 Iaculis, Rd."
403,Imani,Chen,ipsum.suspendisse@outlook.couk,97573,647-1052 Placerat Ave
404,Risa,Melendez,eros.non.enim@hotmail.ca,55323,242-9079 Molestie Rd.
405,Ian,Parsons,sed.pharetra@protonmail.couk,45182,7916 Mi. Street
406,Edward,James,ipsum.leo@aol.org,84111,Ap #415-1820 Fusce St.
407,Nerea,Emerson,enim.sed@google.net,77926,117-2529 Sed Rd.
408,Minerva,Keller,nec@icloud.net,72945,214-6323 Erat. Rd.
409,Lionel,Richardson,ornare.facilisis@hotmail.net,99824,Ap #737-4774 Ullamcorper. Street
410,Kirsten,Wolf,fringilla.purus@outlook.net,29837,435-3735 Consequat Rd.
411,Cassandra,Delgado,eu@protonmail.ca,62386,499-1544 Posuere Rd.
412,Simon,Baldwin,et.magnis@protonmail.net,99873,"P.O. Box 234, 6339 Fusce Av."
413,Judith,Burns,nam@google.net,49238,Ap #256-7774 Diam Ave
414,Debra,Mckenzie,metus.facilisis@aol.couk,72973,"P.O. Box 699, 634 Ac Road"
415,Hannah,Romero,imperdiet.dictum@protonmail.ca,87367,197-7754 Etiam Rd.
416,Brock,Jefferson,ac.arcu@google.org,12930,280-6610 Nam Rd.
417,Laurel,Britt,orci.tincidunt.adipiscing@google.com,32712,582-3658 Tempus Rd.
418,Ross,Rodgers,ut.aliquam.iaculis@outlook.net,64618,"P.O. Box 310, 1326 Praesent Ave"
419,Ima,Becker,sed.sem.egestas@yahoo.edu,73667,Ap #911-4707 Velit. Rd.
420,Bertha,Buckner,magna.malesuada@protonmail.org,45585,6153 Non Road
421,Leroy,Howe,tellus@icloud.net,11617,Ap #452-5082 Nulla Avenue
422,Valentine,Meyers,magna.a@google.couk,72116,"686-9981 At, St."
423,Ivan,Wilcox,viverra.maecenas@aol.org,27867,1175 Elementum St.
424,Keefe,Horn,magna.tellus.faucibus@yahoo.couk,87718,"Ap #449-5002 Vel, Rd."
425,Britanni,Graham,vulputate@aol.net,95574,"847-5112 Montes, St."
426,Hiram,Mills,sed.eget@protonmail.net,26264,5679 Volutpat Av.
427,Howard,Daniel,quis.pede@yahoo.com,70711,353-9068 Est Road
428,Graham,Marks,enim@aol.couk,20383,Ap #605-1636 Est St.
429,Merritt,Witt,metus.vivamus@protonmail.ca,71848,623-2425 Non Avenue
430,Silas,Mcintyre,libero.morbi@protonmail.couk,35367,606-8800 Eget Rd.
431,Nehru,Wooten,sollicitudin.a@outlook.com,21853,976-1561 Sed Av.
432,Forrest,David,malesuada.fames.ac@icloud.couk,66252,"P.O. Box 448, 3535 Eget Avenue"
433,Constance,Mills,eget.ipsum@hotmail.net,83875,"P.O. Box 819, 7397 Aliquam St."
434,Yetta,Combs,donec.egestas@outlook.couk,95252,5354 Enim Rd.
435,Joshua,Franklin,lectus.convallis@hotmail.com,53231,4656 Semper St.
436,Aquila,Rutledge,nonummy.ipsum@yahoo.net,68946,"837-5492 Enim, Avenue"
437,Ivory,Stevens,ut@outlook.edu,61131,938-5920 Ipsum. Road
438,William,Vega,tincidunt@aol.net,45659,"Ap #409-4391 Et, Ave"
439,Rosalyn,Albert,id.mollis@icloud.com,77450,"P.O. Box 137, 1198 Tempor St."
440,Indira,West,tortor.dictum@outlook.couk,51658,6944 Ipsum. Avenue
441,Vanna,Glenn,lorem@protonmail.org,54490,Ap #701-9519 Cras St.
442,Sandra,Spence,phasellus.at.augue@icloud.org,86485,4448 Quisque Rd.
443,Allistair,Morton,non.bibendum.sed@icloud.ca,48174,"415-6988 Orci, Av."
444,Allegra,Stephenson,pede@google.net,99669,5259 Semper St.
445,Daria,Ortega,tortor.at@aol.org,49528,389-6095 Aliquam St.
446,Kermit,Johnson,donec@aol.net,35662,721-9902 Sit Avenue
447,Xander,Crosby,fermentum.convallis.ligula@yahoo.net,15483,Ap #670-9459 Cum Av.
448,Calvin,Santos,parturient.montes@hotmail.org,82226,Ap #927-3005 Adipiscing St.
449,Hedley,Willis,consequat.auctor.nunc@icloud.ca,53587,8841 Proin Rd.
450,Glenna,Chan,dignissim.maecenas@outlook.edu,61437,9778 Gravida Av.
451,Maryam,Garza,odio.aliquam.vulputate@icloud.edu,22171,Ap #360-8968 Pellentesque. Rd.
452,Sylvester,Bowers,dolor.elit@aol.org,86534,Ap #570-632 Blandit St.
453,Luke,Hart,tempus.non.lacinia@outlook.ca,67337,Ap #736-5403 Donec Street
454,Marcia,Case,sem.nulla@aol.ca,41430,Ap #726-8872 Sem. Rd.
455,Serena,Fernandez,mauris@yahoo.couk,81162,Ap #707-7950 Non Ave
456,Rudyard,Rosa,blandit.congue@protonmail.ca,86658,920-9359 Posuere Av.
457,Nina,Bridges,est.tempor@icloud.edu,88618,Ap #634-9458 Mauris Road
458,Blythe,Kennedy,et.libero@hotmail.couk,12894,Ap #259-4600 Molestie. Av.
459,Benjamin,Lamb,elit.pretium@yahoo.ca,87356,Ap #374-6815 Vestibulum St.
460,Jemima,Whitney,dictum@aol.net,36458,Ap #460-8358 Mi. Av.
461,Armando,Klein,ante.vivamus.non@hotmail.net,15363,543-9430 Fermentum Avenue
462,Ross,Smith,risus.in@icloud.org,96743,Ap #531-143 Dignissim Road
463,Stacey,Mcbride,aliquam@google.edu,31158,Ap #321-1942 Nisi Ave
464,Tiger,Vincent,natoque.penatibus@hotmail.edu,62712,8218 Lacus Ave
465,Fredericka,Dominguez,nunc.risus@protonmail.org,15873,"P.O. Box 306, 3185 Nisi Ave"
466,Rebecca,O'donnell,mollis.non.cursus@yahoo.couk,32452,Ap #136-3189 Elit St.
467,Macey,Pickett,eu@protonmail.ca,34443,155-1455 Sed Road
468,Leah,Hoffman,luctus.curabitur@protonmail.edu,58558,Ap #871-9932 Lacinia. Rd.
469,Curran,Duncan,ornare.elit@icloud.ca,55253,Ap #849-6665 Convallis Street
470,Alec,Fernandez,montes.nascetur.ridiculus@protonmail.couk,59776,Ap #854-5581 Feugiat St.
471,Alan,Burgess,nunc.mauris.sapien@outlook.net,47364,554-594 Risus. Avenue
472,Rose,Chapman,risus.donec@yahoo.couk,85013,Ap #930-9202 Tincidunt Road
473,Harper,Whitfield,suspendisse.ac@icloud.net,52735,621-6727 Odio. St.
474,Chase,Franco,risus.donec@aol.edu,37170,"Ap #632-3107 A, Rd."
475,Hasad,Hansen,tincidunt.neque@icloud.org,85754,106-5208 Nonummy St.
476,Byron,Bell,nulla.semper.tellus@icloud.ca,99964,4439 Semper Av.
477,Harlan,Owens,lobortis.class.aptent@google.net,80663,993-4343 Phasellus Ave
478,Josephine,Boyd,id.sapien@protonmail.net,46704,"Ap #966-3945 Non, Rd."
479,Iris,Morin,ipsum.leo.elementum@icloud.com,54889,1358 Ipsum Av.
480,Quinlan,Trevino,tellus@aol.org,86338,Ap #674-1048 Scelerisque Rd.
481,Cyrus,Lara,eget.dictum.placerat@protonmail.ca,73550,Ap #349-5376 Mauris Road
482,Venus,Livingston,elit.elit@google.com,36877,991-9617 Ac Street
483,Armando,Carpenter,phasellus.in@icloud.com,49593,Ap #353-9074 Nulla Ave
484,Caldwell,Kirkland,rhoncus@protonmail.ca,56394,"959-4591 Ornare, Street"
485,Jaden,Everett,pede.suspendisse@yahoo.com,53434,729-4868 In Av.
486,Maggy,Foley,at.augue@protonmail.couk,35283,9954 Convallis Rd.
487,Sebastian,Mcdaniel,ultrices.posuere.cubilia@icloud.org,20732,728-2781 Ipsum. Avenue
488,Kalia,Simon,a.malesuada@outlook.edu,14468,"P.O. Box 419, 3484 Sit St."
489,Raphael,Burnett,nullam@google.com,22820,818-4893 Est. Rd.
490,Quinn,Graham,et.magna@hotmail.ca,71452,714-2596 Aliquam Av.
491,Amir,Nash,vestibulum.accumsan@outlook.org,23583,"445-3245 Elit, St."
492,Stephanie,Rosa,vel.pede@icloud.couk,40656,877-2602 Nulla Rd.
493,Cally,Webster,iaculis@outlook.couk,33545,Ap #581-3174 Ac St.
494,Aline,Alford,porttitor.vulputate@protonmail.edu,24351,"1916 Et, Rd."
495,Russell,Morris,non.lacinia.at@hotmail.ca,12079,7960 Aliquam Av.
496,Chase,Randall,a@yahoo.org,56674,1416 Tortor Av.
497,Dora,Alford,nascetur@aol.com,46375,260-6536 Enim Rd.
498,Dora,Vang,enim@aol.org,44587,Ap #146-8772 Eget St.
499,Illiana,Burks,lectus@outlook.com,65015,Ap #610-1506 In Rd.
500,Joy,Harrell,imperdiet.erat@hotmail.com,47334,"P.O. Box 984, 8643 Donec Road"
501,C,French,mollis.lectus.pede@yahoo.net,39746,449-6990 Tellus. Rd.
502,C,Pacheco,nulla.eget@att.couk,76837,Ap #312-8611 Lacus. Ave
503,V,Savage,orci@att.net,82025,"P.O. Box 775, 8910 Arcu. Road"
504,P,Gaines,quis.diam@comcast.couk,95904,735-3498 Magna. Street
505,F,West,vivamus.rhoncus@comcast.com,83604,4811 Aliquam St.
506,I,Lott,a.mi@yahoo.edu,36883,309-4003 Metus. Rd.
507,G,Weaver,in.at@att.org,67238,"P.O. Box 410, 8379 Libero St."
508,H,Franco,congue.in@icloud.com,25211,331-981 Velit. Road
509,G,Briggs,pellentesque.tellus.sem@yahoo.net,78383,"P.O. Box 733, 2603 Nisi Road"
510,I,Mullins,urna.convallis@yahoo.net,38235,Ap #868-8966 Dolor. Street
511,W,Browning,elit@att.net,86965,"522-7345 Id, Rd."
512,L,Key,eget@zoho.edu,62132,871-9188 In Av.
513,M,Baxter,magnis.dis.parturient@yahoo.ca,73737,349-7351 Aliquam Street
514,S,Boyer,eu.odio@zoho.couk,77937,"P.O. Box 452, 2893 Tincidunt Rd."
515,W,Cervantes,eu.dui@att.net,21124,1623 Feugiat Road
516,A,Alvarado,a@zoho.org,58331,Ap #867-515 Turpis Av.
517,V,Martin,erat.nonummy@icloud.net,78358,694-3213 Diam St.
518,E,Parsons,sem@att.ca,12615,"P.O. Box 280, 3728 Libero Ave"
519,G,Pickett,at.velit@zoho.org,10214,"477-7134 Id, Street"
520,B,Mendoza,donec.nibh@icloud.org,28302,Ap #719-5142 Sed St.
521,C,Little,nisl.arcu@zoho.net,22348,460-5571 Luctus. St.
522,D,Suarez,netus@yahoo.ca,60718,Ap #506-9972 Sociis Av.
523,Z,Sargent,sed.tortor@zoho.org,73862,"652-1787 Ut, St."
524,K,Buckley,amet.ultricies@yahoo.org,45368,786-4637 Elit. Street
525,X,Hodges,ut.nisi.a@yahoo.org,81256,5545 Sed St.
526,H,Ferguson,a@comcast.edu,73448,148-6466 Vitae St.
527,S,Stone,metus.vitae.velit@yahoo.net,29849,"P.O. Box 329, 2932 Adipiscing St."
528,L,Marshall,consectetuer.adipiscing.elit@icloud.com,29374,"607-1439 Laoreet, Ave"
529,A,Boone,sed.tortor@yahoo.org,92223,"P.O. Box 442, 7188 Sed, Avenue"
530,C,Solis,erat.in.consectetuer@comcast.ca,71669,"P.O. Box 447, 4294 Ante Ave"
531,I,Fischer,senectus.et@yahoo.org,77346,"823-9449 Non, Ave"
532,R,Grimes,convallis.est.vitae@yahoo.ca,85812,"P.O. Box 634, 4002 Rutrum Rd."
533,N,Clarke,est.mauris@yahoo.ca,28774,"Ap #623-6119 Fringilla, Road"
534,C,Mcmillan,tincidunt.orci@zoho.com,90567,174-102 Sed Avenue
535,E,Bruce,sapien.imperdiet@yahoo.edu,28734,934 Odio. St.
536,C,Carlson,sed@comcast.net,75230,Ap #276-1476 Iaculis Av.
537,U,Richard,lorem.ipsum.dolor@zoho.net,72741,Ap #941-9419 Duis Av.
538,P,Patterson,nec.urna@comcast.edu,77898,418-6072 Etiam Rd.
539,W,Berger,sed.pharetra@google.ca,67167,Ap #485-2840 Mauris Av.
540,U,Ochoa,curae@icloud.couk,90243,Ap #922-7217 Consequat St.
541,L,Ellis,dapibus.ligula@yahoo.edu,95323,910-4929 Quis Road
542,H,Reid,dui.fusce.aliquam@comcast.couk,75695,1919 Duis Avenue
543,L,Travis,cursus.et@att.org,37144,"P.O. Box 710, 3153 Fringilla Rd."
544,J,Lowe,mauris.sagittis.placerat@zoho.ca,36664,469-3540 Eget St.
545,J,Silva,justo@yahoo.com,99614,8677 Consequat Road
546,R,Franklin,euismod@google.com,37208,692-7891 Sed St.
547,I,Dean,lorem@yahoo.ca,17237,498-2842 Nonummy Street
548,D,Drake,nisi.a@yahoo.net,87126,313-685 Lectus St.
549,G,Gamble,iaculis@zoho.net,95661,"P.O. Box 762, 3220 Proin St."
550,G,Horton,quis@yahoo.com,38335,"538-5434 Enim, Rd."
551,C,Boone,non@yahoo.org,15587,Ap #212-6618 Mauris Ave
552,S,Rodriquez,cras.eu.tellus@att.edu,67814,702-2455 Ullamcorper. Road
553,V,Clark,cum.sociis@comcast.couk,85343,"Ap #630-7172 Risus, Av."
554,D,Bradley,integer.vitae.nibh@comcast.couk,87660,Ap #562-1564 Magna. Avenue
555,F,Pollard,volutpat@yahoo.org,45597,533-2099 Et Ave
556,B,Goodwin,neque.non@att.com,52567,"P.O. Box 728, 2720 Mauris Street"
557,T,Moran,est.ac.facilisis@icloud.ca,20839,275-9655 Nulla Road
558,J,Melton,quam.vel.sapien@comcast.edu,86742,"408-794 Vel, Avenue"
559,J,Christensen,sollicitudin.adipiscing@google.edu,37473,"P.O. Box 816, 9271 Egestas Street"
560,F,Moore,urna@comcast.edu,14884,6503 Curabitur Ave
561,G,Glover,magna.a.neque@yahoo.couk,86876,712-8209 Sagittis St.
562,M,Owens,dictum.sapien@icloud.edu,92436,"Ap #841-9052 Tellus, Ave"
563,A,Bernard,consequat.dolor@icloud.ca,57312,447-8067 Nam Rd.
564,L,Robbins,nibh.phasellus@zoho.net,99754,428-2511 Iaculis St.
565,A,Ashley,cursus.nunc@icloud.ca,36111,765-6780 Aliquet Avenue
566,E,Thomas,faucibus.ut.nulla@icloud.com,78745,"P.O. Box 148, 3003 Nam Rd."
567,K,Holden,curabitur@yahoo.com,95551,427-7434 Sed Road
568,L,Navarro,sed.consequat.auctor@yahoo.couk,53134,Ap #427-4885 Elit. Ave
569,A,Mosley,turpis.vitae.purus@att.couk,47124,4337 Ipsum Ave
570,L,Holcomb,aliquam.auctor.velit@comcast.com,62462,489-812 In Rd.
571,P,Rutledge,arcu.et.pede@zoho.org,82603,Ap #358-8468 Justo Ave
572,B,Pearson,libero.proin@yahoo.net,59762,Ap #514-8612 Mattis. Road
573,R,Paul,at@google.couk,72084,"Ap #911-4018 Elit, Road"
574,T,Vincent,suspendisse@att.org,13456,"P.O. Box 582, 5779 Ac Road"
575,T,Dickson,interdum.enim@att.net,53662,"P.O. Box 697, 6982 Nunc Rd."
576,J,Leonard,feugiat.tellus@google.com,56365,Ap #514-2034 Ligula Road
577,Q,Lewis,tincidunt.neque@icloud.ca,99753,470-7738 Nibh. Street
578,H,Booker,pretium.neque@icloud.couk,90516,"P.O. Box 819, 5895 Cursus Av."
579,K,Gould,ut.sem.nulla@icloud.edu,51277,100 Nec Street
580,K,Sharpe,metus.aenean@yahoo.net,23723,6074 Metus Street
581,R,Olson,cras.interdum@att.couk,84589,620-3571 At St.
582,J,Black,vitae@icloud.couk,53623,Ap #769-2218 Dignissim Street
583,S,Howe,enim.nisl@yahoo.couk,55336,Ap #270-8835 Nulla Ave
584,C,Knowles,cursus.diam.at@att.couk,54535,Ap #501-8203 Nibh. Rd.
585,C,Fernandez,magna.praesent.interdum@yahoo.com,67898,"P.O. Box 181, 2288 Eget Street"
586,R,Buckner,lacus@icloud.org,71836,"214-3788 Odio, Av."
587,M,Phillips,sed.pede.cum@att.net,43504,Ap #479-2664 Natoque Street
588,L,Roberts,a.odio@zoho.net,24358,1977 Egestas Av.
589,C,Shelton,id.risus@yahoo.couk,24637,Ap #160-4022 Hymenaeos. Rd.
590,A,Gilliam,aliquam.arcu.aliquam@icloud.org,86506,Ap #727-8223 Fusce Rd.
591,I,Ewing,vitae@zoho.net,99681,Ap #715-6606 Faucibus Street
592,C,Tucker,dictum.mi.ac@comcast.couk,28757,"P.O. Box 853, 5982 Morbi Ave"
593,A,Long,nec.euismod@yahoo.couk,41642,Ap #550-1545 Cum St.
594,N,Schwartz,integer.sem@icloud.org,97800,Ap #152-8393 Tortor. Avenue
595,M,Padilla,scelerisque@yahoo.couk,15844,"636-9429 Et, Road"
596,N,Knight,vulputate.nisi@google.net,74359,"P.O. Box 124, 5619 Ut, Rd."
597,L,Bridges,rutrum.justo@google.ca,88281,4916 Diam. Avenue
598,D,Carrillo,cum.sociis@yahoo.couk,85574,692-8810 Feugiat Street
599,M,Monroe,mauris.a@zoho.org,95845,"P.O. Box 274, 8411 Laoreet St."
600,Price,D,ut.cursus@zoho.com,84684,"P.O. Box 950, 4663 Rutrum, Avenue"
601,Caesar,G,sociis.natoque@icloud.couk,66621,841-9785 Habitant Rd.
602,Hayfa,K,feugiat.nec@comcast.ca,62881,9032 Amet Ave
603,Joseph,R,eleifend.egestas.sed@icloud.org,14898,9519 Euismod Avenue
604,Risa,C,varius@google.couk,25638,5038 Aliquam Road
605,Hedy,M,ut.lacus@yahoo.org,86431,"4303 Pede, Road"
606,Garrison,M,elit.elit@google.net,72795,"P.O. Box 235, 2609 Quisque Ave"
607,Azalia,H,nullam.vitae@google.org,78544,"Ap #670-6687 Nec, Road"
608,Michelle,B,iaculis.nec@comcast.com,89512,Ap #814-6411 Velit Av.
609,Jason,W,lobortis.quam.a@zoho.org,99821,"P.O. Box 409, 4322 Dictum Av."
610,Eric,K,vestibulum.ut@google.edu,64182,2285 Orci St.
611,Whoopi,H,cursus@yahoo.com,62446,7157 Odio. Rd.
612,Rhona,C,feugiat@yahoo.com,54565,"P.O. Box 952, 3512 Ullamcorper, St."
613,Lavinia,R,amet.diam@yahoo.ca,68249,Ap #927-383 Neque Ave
614,Driscoll,A,enim.gravida.sit@yahoo.org,85116,638-9001 Elit Ave
615,Regan,H,nec@att.org,22369,"P.O. Box 803, 3735 Nunc Street"
616,Xanthus,C,dui.quis@icloud.couk,61022,449-1455 Sodales St.
617,Emerson,L,facilisis.lorem.tristique@comcast.net,37251,"Ap #490-5262 Pharetra, St."
618,Ila,C,sed@icloud.edu,91158,"P.O. Box 809, 5538 Aliquet Rd."
619,Indira,B,metus.urna@yahoo.couk,36893,900-7836 Egestas. Av.
620,Brian,F,neque.nullam.nisl@yahoo.couk,98878,229-1005 Cras St.
621,Yuli,R,eleifend@yahoo.net,11531,"364-822 Suscipit, Av."
622,Lyle,S,pede.praesent.eu@att.org,41538,7746 Pretium Rd.
623,Garrison,F,orci@att.com,56480,Ap #897-7647 Metus. St.
624,Ryan,L,viverra.maecenas@icloud.couk,51973,Ap #420-4849 A Street
625,Hadassah,P,rutrum.justo@google.net,34761,"P.O. Box 618, 1216 Risus Rd."
626,Mariam,G,enim.commodo@icloud.com,35769,"P.O. Box 710, 4533 Purus St."
627,Rosalyn,K,ipsum.dolor@google.com,88485,7427 Integer St.
628,Melinda,H,nullam.velit.dui@yahoo.edu,34989,"760-6515 Amet, Street"
629,Troy,S,odio.sagittis.semper@icloud.com,67333,Ap #662-1961 Proin Rd.
630,Kyra,L,montes.nascetur@yahoo.edu,81983,806-6637 Donec Rd.
631,Cain,R,hendrerit@yahoo.couk,54282,Ap #240-419 Accumsan Ave
632,Vielka,G,tortor@zoho.net,89984,"P.O. Box 387, 7413 Lobortis, St."
633,Plato,R,risus.donec@zoho.com,67695,"4219 Et, St."
634,Jessamine,C,velit.eu@yahoo.net,23788,555-2685 Scelerisque Rd.
635,Kyla,H,neque.morbi@yahoo.net,52383,Ap #957-2347 Enim. St.
636,Hedy,S,nibh.dolor.nonummy@zoho.couk,31899,6486 Mattis Street
637,Portia,P,vivamus.nisi@zoho.couk,37232,"P.O. Box 401, 3508 Nec, Street"
638,Holmes,D,ipsum.ac.mi@att.ca,51679,"Ap #940-1318 At, Street"
639,Hyatt,S,aliquet.molestie.tellus@yahoo.couk,94157,3398 Cursus. Road
640,Edan,S,rhoncus.id@comcast.net,36621,Ap #154-4446 Nunc Rd.
641,Matthew,A,dui@zoho.com,63124,161-3012 Lacus. Rd.
642,Amela,A,nulla.dignissim.maecenas@yahoo.couk,99867,478-2641 Suspendisse St.
643,Patience,K,vel.sapien@att.org,35443,900-311 Est Ave
644,Darrel,A,dapibus.gravida@yahoo.net,22457,"P.O. Box 823, 6180 Pharetra Av."
645,Freya,W,eu.odio@yahoo.org,72311,509-3191 Suspendisse Ave
646,Halla,C,convallis@yahoo.edu,66757,862-6093 Ante Rd.
647,Madonna,C,mauris.a@att.com,99805,"P.O. Box 632, 7570 In Rd."
648,Hector,M,nam.ac.nulla@yahoo.org,45376,"7883 Facilisis, Road"
649,Aimee,W,vitae.erat@yahoo.net,74034,"P.O. Box 897, 2962 Egestas Av."
650,Leah,C,bibendum.ullamcorper@comcast.couk,84103,"Ap #705-1033 Quam, Av."
651,Abbot,D,eu@comcast.ca,25228,678-5482 Ac Rd.
652,Samson,M,quis.diam@zoho.couk,73114,"Ap #324-1022 Sed, Rd."
653,Mark,S,lorem@yahoo.com,53299,"9036 Eget, St."
654,Bert,D,quam.vel@yahoo.net,49661,167-9843 Amet Road
655,Wynne,S,egestas@yahoo.couk,27472,"P.O. Box 964, 3548 Gravida Rd."
656,Travis,S,dolor.fusce@icloud.net,41251,Ap #711-1450 Nec Av.
657,Candice,V,etiam.gravida@comcast.com,80746,822-3179 Metus. Rd.
658,Reese,D,eget.venenatis@google.edu,43362,176 Rhoncus. Rd.
659,Kaitlin,A,in@yahoo.net,21407,562-4329 Dui. Rd.
660,Selma,L,aenean@comcast.com,56846,Ap #402-438 Nec Av.
661,Harriet,S,in@yahoo.org,30874,395-9578 In Road
662,Chanda,R,sed.dui@att.couk,11776,"P.O. Box 266, 5591 Molestie Rd."
663,Brock,C,semper.pretium@icloud.couk,64542,Ap #648-9147 Nulla. Av.
664,Hadassah,C,mauris.sagittis.placerat@icloud.ca,85612,845-2376 Odio Rd.
665,Rana,B,adipiscing.elit.curabitur@comcast.net,28109,676-532 Dignissim Ave
666,Avye,B,aliquet.nec@google.couk,72294,Ap #821-4645 Eu Avenue
667,John,L,est.congue@yahoo.couk,78777,"P.O. Box 217, 2699 Dolor Avenue"
668,Iola,P,libero.at.auctor@yahoo.net,60666,Ap #212-5270 Non Avenue
669,Theodore,F,purus.accumsan@google.org,66834,"7409 Ut, Av."
670,Jackson,P,risus.quis@yahoo.edu,26426,Ap #312-8532 Odio. Rd.
671,Jena,M,vitae@yahoo.com,64355,"P.O. Box 185, 2870 Neque. Rd."
672,Tucker,B,ut.nec@zoho.couk,67202,"P.O. Box 769, 781 Convallis Rd."
673,Naomi,W,neque@icloud.edu,99675,351-5389 Duis Road
674,Justin,A,fermentum.arcu@comcast.couk,41675,Ap #542-4728 Aliquam Av.
675,Tad,R,mollis.duis@att.ca,82681,"462-5770 Quis, Avenue"
676,Gage,H,lectus.convallis.est@yahoo.net,44197,Ap #168-5702 Semper Avenue
677,Leilani,L,in.scelerisque@zoho.net,71165,Ap #585-5700 Lacus. Rd.
678,Xena,M,aliquam.erat@yahoo.couk,85711,"P.O. Box 991, 8025 Mauris, Road"
679,Herrod,D,augue@google.net,33614,339-3812 Felis. Rd.
680,Brittany,S,nunc@yahoo.net,79681,"Ap #540-8211 Purus, Avenue"
681,Connor,B,feugiat.tellus.lorem@att.couk,35493,Ap #224-5757 Dui. Rd.
682,Dylan,G,eros@zoho.couk,71654,Ap #678-5827 Commodo Ave
683,Keegan,R,nonummy.fusce@comcast.com,28626,Ap #841-8586 Non Ave
684,Naida,H,eu@yahoo.couk,70166,"P.O. Box 481, 1142 A, Road"
685,Ulysses,B,sed.diam@yahoo.org,12257,438-8263 Adipiscing Rd.
686,Lance,B,fringilla@zoho.ca,36132,"P.O. Box 819, 5866 Ornare. Street"
687,Octavia,H,metus@yahoo.couk,74760,250-8211 Eu St.
688,Josiah,G,elit.a@comcast.com,25558,6244 Tempus Road
689,Kellie,L,non.bibendum@yahoo.couk,32218,"P.O. Box 718, 115 Nec St."
690,Timothy,A,ipsum.curabitur.consequat@zoho.edu,67738,117 Neque Ave
691,Lucy,B,sed@zoho.com,48726,4647 Quam. Ave
692,Quintessa,C,maecenas.ornare@google.ca,32719,105-3456 Donec Ave
693,Carter,B,pede.praesent.eu@icloud.org,25733,"Ap #176-3766 In, Rd."
694,Odette,R,cum@icloud.ca,52558,Ap #390-9494 Consectetuer Rd.
695,May,T,mi.duis@google.net,72320,"681-9887 Non, Street"
696,Ray,M,tellus.eu@yahoo.org,59458,"Ap #299-4520 Posuere, Road"
697,Boris,M,neque.sed@att.net,93205,2967 Ac Street
698,Illana,B,eget@icloud.couk,36404,Ap #823-4862 Molestie Rd.
699,Kitra,K,non.nisi@att.net,61485,174-8252 Justo Street
700,D,H,sed@yahoo.edu,77025,862-8369 In St.
701,L,C,sem.pellentesque.ut@att.org,86068,998-4206 Rutrum Av.
702,C,F,sociosqu.ad@yahoo.edu,45537,Ap #963-2867 Nulla St.
703,P,H,odio.sagittis.semper@google.ca,51382,"P.O. Box 948, 7688 Consequat Av."
704,C,S,lorem@comcast.couk,27521,"P.O. Box 776, 7009 Dictum Av."
705,D,T,nam.nulla@yahoo.edu,74244,642-974 Sed St.
706,W,B,sagittis@att.net,72686,"523-6813 Tempor, Road"
707,H,S,dictum.magna.ut@zoho.couk,33578,"P.O. Box 533, 7799 Vestibulum Avenue"
708,C,C,vestibulum.nec@google.ca,72518,828-4870 Est. Av.
709,B,K,nulla.interdum.curabitur@icloud.com,47242,Ap #993-6941 Porta Av.
710,N,H,mi@google.ca,98225,774-4290 Dictum. Rd.
711,L,S,vitae.mauris.sit@zoho.couk,51138,Ap #458-7237 Curabitur St.
712,V,F,sed.malesuada.augue@google.edu,51079,"4838 Ut, Ave"
713,O,J,enim.gravida@google.couk,53245,6913 Ornare Street
714,A,W,erat.vel@icloud.couk,74434,770-3225 Lobortis Av.
715,H,R,purus@yahoo.couk,24844,919-1414 Elit. Av.
716,Z,P,nec.leo@zoho.com,83003,Ap #327-5000 Lacinia Rd.
717,V,B,iaculis.odio.nam@google.net,43235,291-5855 Donec Rd.
718,R,C,leo.morbi.neque@yahoo.com,92162,"916-787 Non, Rd."
719,N,H,sit.amet@comcast.edu,73207,"P.O. Box 748, 2559 Sed St."
720,R,L,ultrices.sit@att.ca,65261,260-8661 Ipsum Avenue
721,D,R,sit@google.edu,92824,Ap #569-8495 Amet St.
722,A,F,iaculis.odio@zoho.org,59940,Ap #742-2641 Egestas Road
723,A,C,eu.enim@google.net,84766,"Ap #719-4163 Ac, Road"
724,I,W,lacinia.at@google.couk,59670,640-1609 Ut Avenue
725,R,R,vitae.purus.gravida@yahoo.com,81278,"P.O. Box 225, 6283 Nascetur Road"
726,H,W,tellus@att.edu,45144,"P.O. Box 961, 7057 Proin Ave"
727,S,N,ultricies.sem.magna@yahoo.org,88776,"P.O. Box 931, 6191 Erat St."
728,C,D,non@yahoo.net,26373,"P.O. Box 559, 9717 Feugiat. Ave"
729,L,H,massa.non@zoho.org,28360,1556 Eros Street
730,M,R,sed.auctor.odio@comcast.net,12558,168-1214 Nec Road
731,M,L,odio.phasellus.at@yahoo.ca,34966,Ap #644-7845 Fames Road
732,R,A,amet@yahoo.com,53387,Ap #948-8180 Neque Street
733,G,H,arcu.vel@yahoo.net,32306,Ap #844-6852 Lorem Rd.
734,A,C,lacus.mauris@comcast.net,81051,"Ap #272-125 Ullamcorper, Av."
735,F,C,aliquet@icloud.org,75472,Ap #935-8148 Congue Avenue
736,C,R,eu@zoho.couk,48256,Ap #359-4696 Fusce St.
737,G,O,netus.et@yahoo.ca,72548,244-4477 Nam St.
738,B,H,suscipit@att.edu,57305,"318-7058 Quis, Avenue"
739,I,H,commodo.auctor@yahoo.org,75735,829-2603 Ut Road
740,S,H,facilisi.sed@zoho.org,56315,"P.O. Box 790, 1705 Mauris Rd."
741,D,V,natoque.penatibus@yahoo.com,91938,"P.O. Box 674, 4857 Et Ave"
742,S,M,sociosqu.ad@google.couk,94444,"P.O. Box 330, 9941 Nulla Ave"
743,M,S,mauris.non.dui@zoho.couk,25315,115-2322 Augue St.
744,M,B,malesuada@zoho.edu,85221,Ap #619-3492 Tempus Rd.
745,C,C,cursus.diam@yahoo.edu,41762,400 Orci Ave
746,I,B,eu@yahoo.com,89643,3328 Tincidunt Rd.
747,D,M,sit.amet.consectetuer@google.com,99731,708-6856 Odio Ave
748,A,W,risus.varius.orci@yahoo.com,54862,Ap #465-1896 Proin Rd.
749,K,W,mus.aenean@comcast.org,74267,Ap #447-5014 Urna Street
750,M,L,a@google.net,33772,553-8713 Convallis Rd.
751,A,D,magna.a.neque@zoho.com,99516,517-1597 Integer Rd.
752,C,F,elit@comcast.net,24579,500-4302 Pede. Ave
753,G,B,bibendum.donec.felis@yahoo.edu,80549,983-4655 Erat Avenue
754,T,D,ultrices.mauris@zoho.net,12624,"P.O. Box 186, 2683 Nibh. Road"
755,H,L,mus.proin@yahoo.com,85816,Ap #902-1776 Gravida Av.
756,U,C,pellentesque@yahoo.ca,37755,Ap #168-6527 Sollicitudin St.
757,P,M,tincidunt.tempus@zoho.net,14181,"9679 Orci, Ave"
758,D,J,fames.ac@yahoo.net,31513,Ap #361-123 Dui Rd.
759,H,S,natoque@google.net,77314,386-1397 Sem Road
760,I,G,diam@yahoo.net,69586,"P.O. Box 836, 3506 Mauris St."
761,I,D,aliquet.proin.velit@comcast.org,91883,400-3650 Facilisi. Avenue
762,D,H,dui.augue.eu@yahoo.org,61151,7507 Euismod Avenue
763,A,H,mauris@yahoo.com,61162,"128-1226 A, St."
764,K,D,faucibus@comcast.ca,68255,"Ap #656-9859 Elit, Rd."
765,U,G,erat@icloud.edu,94424,"P.O. Box 893, 5835 Eget, Ave"
766,R,M,lacus.vestibulum@att.com,48612,Ap #219-7768 Phasellus Ave
767,S,M,eu@icloud.com,15851,"P.O. Box 944, 8023 Dolor. Avenue"
768,M,P,suspendisse@zoho.edu,42483,Ap #168-8298 Integer St.
769,K,C,fusce@yahoo.org,57254,Ap #843-7267 Sed Ave
770,J,T,feugiat.metus@google.com,68333,Ap #729-2851 Posuere Ave
771,T,S,per.conubia@att.com,83686,"P.O. Box 626, 6700 Eget Street"
772,A,B,nec@yahoo.net,38402,752 Nulla Av.
773,R,D,pellentesque.a@att.edu,71808,170-1619 Lacinia. Avenue
774,A,H,cursus@att.couk,19334,"6221 Ornare, Avenue"
775,R,F,ut.cursus@google.com,86890,"P.O. Box 360, 6904 Varius St."
776,V,D,tristique.senectus@zoho.edu,38166,412-743 Velit St.
777,T,A,aliquet.libero@comcast.ca,71122,"Ap #948-2897 In, Road"
778,W,O,vitae.dolor@google.edu,38977,"4417 Ultrices, Rd."
779,C,Y,hendrerit.id.ante@comcast.org,45478,880-7178 Sagittis St.
780,U,C,phasellus.elit.pede@zoho.org,99581,210-9476 Volutpat Rd.
781,B,L,mi.lacinia@google.ca,93261,Ap #532-2832 Ante St.
782,V,B,fermentum@yahoo.edu,65837,"600-7686 Et, Rd."
783,T,S,natoque.penatibus@yahoo.net,67233,114-861 Dignissim Street
784,W,R,lacinia.at.iaculis@att.net,51386,408-4032 Sed Ave
785,C,G,vel.turpis@comcast.edu,30626,"P.O. Box 840, 5387 Et, Rd."
786,I,C,mi.duis@google.com,27614,Ap #789-6849 Sit Av.
787,E,M,donec.luctus@google.ca,13389,"3992 Sed, Rd."
788,N,E,nec.euismod@yahoo.com,78878,Ap #687-9189 Lorem Street
789,N,W,bibendum.fermentum.metus@icloud.ca,42096,Ap #900-7243 Lorem. Avenue
790,X,A,elementum.sem@google.org,43617,"3775 Nec, Av."
791,W,O,eu.enim@google.net,23915,Ap #568-3916 Sed Street
792,B,K,molestie.tortor.nibh@comcast.com,61111,Ap #686-6815 Porttitor Avenue
793,D,B,ut@yahoo.couk,72683,3903 Nullam St.
794,C,H,pretium@att.ca,13701,5276 Eget Av.
795,D,W,facilisi@yahoo.com,33132,Ap #241-6312 Fermentum Road
796,A,C,phasellus@yahoo.edu,23177,847-4765 Ac St.
797,H,K,ornare.egestas@yahoo.couk,67408,"P.O. Box 845, 5259 Facilisis Av."
798,S,F,dui.in.sodales@comcast.ca,85225,"P.O. Box 865, 3813 Purus Rd."
799,I,F,nec.urna.et@yahoo.org,70112,Ap #170-1906 Non Rd.
800,A,A,aliquet@yahoo.org,72259,Ap #102-8036 Libero Street
801,C,R,cursus.non.egestas@zoho.edu,83563,"Ap #603-7368 Nec, St."
802,K,D,mauris.morbi@zoho.net,39937,3588 Mi Road
803,A,M,auctor.nunc@icloud.edu,53570,Ap #875-6836 Orci St.
804,I,B,penatibus.et.magnis@google.com,25283,637-5259 Donec Rd.
805,Q,H,nec.tempus@google.net,38472,Ap #674-8700 Risus. Street
806,X,H,enim.sed@comcast.ca,64217,611-7468 Sit Rd.
807,L,B,egestas@comcast.com,67352,9559 Phasellus Rd.
808,L,W,gravida.mauris.ut@icloud.edu,33646,235-8701 Diam. Street
809,C,B,vestibulum.ante@yahoo.com,95430,Ap #931-3359 Sociosqu Road
810,C,P,dui.fusce.diam@att.net,89082,"Ap #707-7799 Consectetuer, St."
811,M,B,eget@yahoo.org,48481,311-2494 Ipsum Rd.
812,J,W,arcu.nunc@comcast.net,76896,782-8749 Eros. Rd.
813,H,M,eu@comcast.couk,67659,366-7513 Pede Road
814,Q,G,nunc.quisque@zoho.couk,21117,8583 Enim Avenue
815,K,D,ac.arcu@att.ca,31658,Ap #323-8397 Enim. Rd.
816,F,B,integer.mollis@yahoo.edu,34765,Ap #420-7232 Mus. St.
817,L,K,lacus.cras@yahoo.ca,99826,8646 Varius Rd.
818,M,B,cursus.non.egestas@att.net,53267,1377 Amet Ave
819,C,M,et.ultrices@icloud.org,95889,"5694 A, St."
820,R,C,purus.in@comcast.ca,37566,629-4471 Donec Avenue
821,E,C,eu.eleifend.nec@comcast.com,90284,2163 Volutpat Av.
822,A,W,tempus.scelerisque.lorem@comcast.com,38718,754-2931 Imperdiet Avenue
823,D,M,vivamus.sit.amet@google.com,48410,785-7463 Magna Rd.
824,D,M,varius.ultrices.mauris@zoho.ca,24152,105-944 Augue Rd.
825,M,P,ipsum.dolor.sit@yahoo.couk,86531,Ap #175-2524 Cursus. Avenue
826,Z,H,libero.nec@comcast.net,64122,Ap #690-6041 Nonummy St.
827,L,D,lacus@yahoo.edu,72684,Ap #941-4430 Viverra. Rd.
828,A,W,sed@comcast.net,85416,Ap #936-8144 Justo Av.
829,B,S,eu.odio@zoho.edu,34260,Ap #851-2265 In Road
830,H,L,eros.proin.ultrices@google.couk,93582,Ap #920-9640 Malesuada Rd.
831,C,G,lorem@yahoo.org,60769,517-5950 Etiam Avenue
832,J,M,quisque.imperdiet@yahoo.ca,48365,Ap #188-3743 Amet Avenue
833,U,F,integer.tincidunt.aliquam@comcast.ca,79136,"3601 Id, St."
834,K,M,vestibulum.lorem.sit@google.ca,25035,186-3258 Lacus. Rd.
835,L,M,libero.mauris.aliquam@att.couk,60531,Ap #757-5043 Neque Avenue
836,T,K,nec.ante.maecenas@zoho.com,45613,212-7020 Facilisis Road
837,A,P,convallis@yahoo.org,35583,"P.O. Box 555, 9318 Primis Rd."
838,Y,S,mollis.lectus@yahoo.net,83803,600-401 Mi Ave
839,N,B,etiam.laoreet@zoho.ca,85391,264-180 Mauris St.
840,K,W,sit@google.couk,67410,7818 Ac Street
841,C,G,feugiat.metus@yahoo.org,86254,800 Vel St.
842,C,S,mauris.erat@google.ca,76847,"P.O. Box 882, 2760 Et, Street"
843,A,F,vestibulum@icloud.edu,51127,Ap #528-3902 Metus Ave
844,I,L,mus.aenean.eget@att.com,71871,1847 Nulla Ave
845,R,D,in@google.com,99681,322-1055 Ipsum Road
846,D,G,pede.praesent.eu@yahoo.org,23961,"350-8801 Dolor, St."
847,P,D,duis@google.ca,34408,479-8522 Ac St.
848,S,G,sit.amet@att.ca,28462,"Ap #348-2187 Ornare, Road"
849,T,T,sit.amet@comcast.com,74577,263-5108 Vulputate Rd.
850,S,M,lectus.rutrum.urna@google.com,35826,Ap #210-3727 Dui St.
851,A,R,sagittis@comcast.net,71651,8974 Ultricies Avenue
852,T,H,nec@comcast.net,28633,834-2700 Nisi St.
853,L,S,ligula.aenean.euismod@yahoo.couk,44665,"P.O. Box 686, 6716 Nunc Street"
854,R,W,in.consequat@yahoo.couk,37214,Ap #920-8731 Sem Rd.
855,C,R,eu.augue@yahoo.couk,57413,Ap #525-7618 Nisl. St.
856,P,N,cras.sed@att.edu,48755,7641 Justo Avenue
857,O,H,mauris@yahoo.net,27963,225-300 Duis Road
858,H,W,fusce.feugiat.lorem@att.net,58665,440-6269 Donec Street
859,O,S,magna.lorem.ipsum@comcast.net,68640,"P.O. Box 658, 9382 A, Avenue"
860,B,J,nec@att.couk,66325,"822-3982 Non, Street"
861,A,S,diam.vel.arcu@icloud.com,30618,Ap #604-5500 Consequat Road
862,B,L,egestas@yahoo.couk,36965,364-8122 Facilisis Ave
863,N,G,per.conubia.nostra@comcast.net,75286,Ap #892-7464 Semper Ave
864,J,H,purus.gravida@zoho.com,49186,"3300 A, Rd."
865,M,G,cursus.luctus@google.edu,78588,"P.O. Box 214, 8547 Posuere Street"
866,G,D,suspendisse.dui@zoho.com,27574,"P.O. Box 681, 6717 Mauris St."
867,M,H,tellus@yahoo.ca,85894,"Ap #594-9480 Vitae, Street"
868,H,M,felis.adipiscing.fringilla@att.org,37043,"P.O. Box 828, 3847 Varius St."
869,J,G,non.nisi@yahoo.net,20816,864-4085 Nec St.
870,J,R,augue.porttitor.interdum@att.couk,76546,360-2326 Nam Rd.
871,R,S,ornare.placerat.orci@icloud.com,74209,Ap #443-7711 Euismod Avenue
872,C,F,pede.ac.urna@yahoo.com,35073,9107 Donec Road
873,S,G,aenean@comcast.com,85434,8183 Urna. Av.
874,J,L,elit.curabitur.sed@icloud.edu,51323,"426-8038 Pellentesque, St."
875,C,R,suspendisse@comcast.edu,23914,"Ap #110-5454 Elit, Rd."
876,J,M,nulla.in@icloud.net,20628,7992 Pharetra. Avenue
877,J,R,laoreet.libero@comcast.net,81612,"P.O. Box 736, 1417 Metus Rd."
878,A,B,enim@att.org,65209,904-6503 Interdum Avenue
879,V,L,quam.curabitur@comcast.ca,55195,"P.O. Box 820, 7781 Non Rd."
880,J,R,a.odio@google.couk,33004,"659-3024 Tincidunt, Av."
881,W,H,consectetuer.cursus.et@google.edu,37573,211-6106 Urna Rd.
882,C,H,phasellus@att.ca,35047,383-1968 Cras Avenue
883,C,B,fringilla@zoho.edu,65773,941-144 Molestie Ave
884,A,B,aliquet.odio@yahoo.net,22586,"325-7440 A, St."
885,P,A,vivamus@yahoo.ca,85602,"P.O. Box 615, 7066 Non Street"
886,J,G,tellus.imperdiet@icloud.ca,38266,Ap #154-6779 Aliquam Rd.
887,D,W,ut.aliquam.iaculis@comcast.ca,16196,368-3379 Ut Avenue
888,U,M,egestas@yahoo.org,87745,700-2826 In Rd.
889,Q,M,mattis.semper.dui@google.org,19136,Ap #681-736 Aliquam St.
890,W,C,lacinia@att.org,69166,Ap #588-7196 Diam. Rd.
891,L,H,faucibus@yahoo.ca,36616,852 Pede. Ave
892,K,G,ut.molestie@att.ca,68367,440-9820 Euismod Street
893,A,K,vitae.orci@google.com,82744,"P.O. Box 458, 3755 Dolor Ave"
894,B,N,consectetuer.euismod@zoho.edu,99836,1198 Aliquam Avenue
895,J,J,libero.morbi@google.edu,71838,Ap #386-2857 Et Street
896,M,W,erat.eget.tincidunt@att.edu,72667,469-8018 Dui Road
897,M,F,lorem.ut@yahoo.ca,67167,480-2458 Neque Ave
898,P,G,iaculis.lacus@att.ca,81354,Ap #850-8426 Lacus St.
899,M,W,enim.mi.tempor@yahoo.couk,97737,448-7225 Eleifend Av.
900,B,G,,,Maecenas street.
901,L,C,,,A road
902,G,S,,,"Ap #495-8111 Iaculis, road"
903,I,C,,,Placerat Ave
904,R,M,,,Molestreetie road
905,I,P,,,Mi. streetreet
906,E,J,,,Ap #415-1820 Fusce street.
907,N,E,,,Sed road
908,M,K,,,Erat. road
909,L,R,,,Ap #737-4774 Ullamcorper. streetreet
910,K,W,,,Consequat road
911,C,D,,,Posuere road
912,S,B,,,"P.O. Box 234, 6339 Fusce Av."
913,J,B,,,Ap #256-7774 Diam Ave
914,D,M,,,"P.O. Box 699, 634 Ac Road"
915,H,R,,,Etiam road
916,B,J,,,Nam road
917,L,B,,,Tempus road
918,R,R,,,"P.O. Box 310, 1326 Praesent Ave"
919,I,B,,,Ap #911-4707 Velit. road
920,B,B,,,Non Road
921,L,H,,,Ap #452-5082 Nulla Avenue
922,V,M,,,"At, street."
923,I,W,,,1175 Elementum street.
924,K,H,,,"Ap #449-5002 Vel, road"
925,B,G,,,"Montes, street."
926,H,M,,,Volutpat Av.
927,H,D,,,Estreet Road
928,G,M,,,Ap #605-1636 Estreet street.
929,M,W,,,Non Avenue
930,S,M,,,Eget road
931,N,W,,,Sed Av.
932,F,D,,,"P.O. Box 448, 3535 Eget Avenue"
933,C,M,,,"P.O. Box 819, 7397 Aliquam street."
934,Y,C,,,Enim road
935,J,F,,,Semper street.
936,A,R,,,"Enim, Avenue"
937,I,S,,,Ipsum. Road
938,W,V,,,"Ap #409-4391 Et, Ave"
939,R,A,,,"P.O. Box 137, 1198 Tempor street."
940,I,W,,,6944 Ipsum. Avenue
941,V,G,,,Ap #701-9519 Cras street.
942,S,S,,,Quisque road
943,A,M,,,"Orci, Av."
944,A,S,,,Semper street.
945,D,O,,,Aliquam street.
946,K,J,,,Sit Avenue
947,X,C,,,Ap #670-9459 Cum Av.
948,C,S,,,Ap #927-3005 Adipiscing street.
949,H,W,,,Proin road
950,Glenna,Chan,dignissim.maecenas@yahoo.edu,61437,
951,Maryam,Garza,odio.aliquam.vulputate@icloud.edu,22171,
952,Sylvester,Bowers,dolor.elit@comcast.org,86534,
953,Luke,Hart,tempus.non.lacinia@yahoo.ca,67337,
954,Marcia,Case,sem.nulla@comcast.ca,41430,
955,Serena,Fernandez,mauris@yahoo.couk,81162,
956,Rudyard,Rosa,blandit.congue@att.ca,86658,
957,Nina,Bridges,est.tempor@icloud.edu,88618,
958,Blythe,Kennedy,et.libero@zoho.couk,12894,
959,Benjamin,Lamb,elit.pretium@yahoo.ca,87356,
960,Jemima,Whitney,dictum@comcast.net,36458,
961,Armando,Klein,ante.vivamus.non@zoho.net,15363,
962,Ross,Smith,risus.in@icloud.org,96743,
963,Stacey,Mcbride,aliquam@google.edu,31158,
964,Tiger,Vincent,natoque.penatibus@zoho.edu,62712,
965,Fredericka,Dominguez,nunc.risus@att.org,15873,
966,Rebecca,O'donnell,mollis.non.cursus@yahoo.couk,32452,
967,Macey,Pickett,eu@att.ca,34443,
968,Leah,Hoffman,luctus.curabitur@att.edu,58558,
969,Curran,Duncan,ornare.elit@icloud.ca,55253,
970,Alec,Fernandez,montes.nascetur.ridiculus@att.couk,59776,
971,Alan,Burgess,nunc.mauris.sapien@yahoo.net,47364,
972,Rose,Chapman,risus.donec@yahoo.couk,85013,
973,Harper,Whitfield,suspendisse.ac@icloud.net,52735,
974,Chase,Franco,risus.donec@comcast.edu,37170,
975,Hasad,Hansen,tincidunt.neque@icloud.org,85754,
976,Byron,Bell,nulla.semper.tellus@icloud.ca,99964,
977,Harlan,Owens,lobortis.class.aptent@google.net,80663,
978,Josephine,Boyd,id.sapien@att.net,46704,
979,Iris,Morin,ipsum.leo.elementum@icloud.com,54889,
980,Quinlan,Trevino,tellus@comcast.org,86338,
981,Cyrus,Lara,eget.dictum.placerat@att.ca,73550,
982,Venus,Livingston,elit.elit@google.com,36877,
983,Armando,Carpenter,phasellus.in@icloud.com,49593,
984,Caldwell,Kirkland,rhoncus@att.ca,56394,
985,Jaden,Everett,pede.suspendisse@yahoo.com,53434,
986,Maggy,Foley,at.augue@att.couk,35283,
987,Sebastian,Mcdaniel,ultrices.posuere.cubilia@icloud.org,20732,
988,Kalia,Simon,a.malesuada@yahoo.edu,14468,
989,Raphael,Burnett,nullam@google.com,22820,
990,Quinn,Graham,et.magna@zoho.ca,71452,
991,Amir,Nash,vestibulum.accumsan@yahoo.org,23583,
992,Stephanie,Rosa,vel.pede@icloud.couk,40656,
993,Cally,Webster,iaculis@yahoo.couk,33545,
994,Aline,Alford,porttitor.vulputate@att.edu,24351,
995,Russell,Morris,non.lacinia.at@zoho.ca,12079,
996,Chase,Randall,a@yahoo.org,56674,
997,Dora,Alford,nascetur@comcast.com,46375,
998,Dora,Vang,enim@comcast.org,44587,
999,Illiana,Burks,lectus@yahoo.com,65015,
1000,Joy,Harrell,imperdiet.erat@zoho.com,47334,
